[
  {
    "pk": 22, 
    "model": "auth.permission", 
    "fields": {
      "codename": "add_logentry", 
      "name": "Can add log entry", 
      "content_type": 8
    }
  }, 
  {
    "pk": 23, 
    "model": "auth.permission", 
    "fields": {
      "codename": "change_logentry", 
      "name": "Can change log entry", 
      "content_type": 8
    }
  }, 
  {
    "pk": 24, 
    "model": "auth.permission", 
    "fields": {
      "codename": "delete_logentry", 
      "name": "Can delete log entry", 
      "content_type": 8
    }
  }, 
  {
    "pk": 4, 
    "model": "auth.permission", 
    "fields": {
      "codename": "add_group", 
      "name": "Can add group", 
      "content_type": 2
    }
  }, 
  {
    "pk": 10, 
    "model": "auth.permission", 
    "fields": {
      "codename": "add_message", 
      "name": "Can add message", 
      "content_type": 4
    }
  }, 
  {
    "pk": 1, 
    "model": "auth.permission", 
    "fields": {
      "codename": "add_permission", 
      "name": "Can add permission", 
      "content_type": 1
    }
  }, 
  {
    "pk": 7, 
    "model": "auth.permission", 
    "fields": {
      "codename": "add_user", 
      "name": "Can add user", 
      "content_type": 3
    }
  }, 
  {
    "pk": 5, 
    "model": "auth.permission", 
    "fields": {
      "codename": "change_group", 
      "name": "Can change group", 
      "content_type": 2
    }
  }, 
  {
    "pk": 11, 
    "model": "auth.permission", 
    "fields": {
      "codename": "change_message", 
      "name": "Can change message", 
      "content_type": 4
    }
  }, 
  {
    "pk": 2, 
    "model": "auth.permission", 
    "fields": {
      "codename": "change_permission", 
      "name": "Can change permission", 
      "content_type": 1
    }
  }, 
  {
    "pk": 8, 
    "model": "auth.permission", 
    "fields": {
      "codename": "change_user", 
      "name": "Can change user", 
      "content_type": 3
    }
  }, 
  {
    "pk": 6, 
    "model": "auth.permission", 
    "fields": {
      "codename": "delete_group", 
      "name": "Can delete group", 
      "content_type": 2
    }
  }, 
  {
    "pk": 12, 
    "model": "auth.permission", 
    "fields": {
      "codename": "delete_message", 
      "name": "Can delete message", 
      "content_type": 4
    }
  }, 
  {
    "pk": 3, 
    "model": "auth.permission", 
    "fields": {
      "codename": "delete_permission", 
      "name": "Can delete permission", 
      "content_type": 1
    }
  }, 
  {
    "pk": 9, 
    "model": "auth.permission", 
    "fields": {
      "codename": "delete_user", 
      "name": "Can delete user", 
      "content_type": 3
    }
  }, 
  {
    "pk": 13, 
    "model": "auth.permission", 
    "fields": {
      "codename": "add_contenttype", 
      "name": "Can add content type", 
      "content_type": 5
    }
  }, 
  {
    "pk": 14, 
    "model": "auth.permission", 
    "fields": {
      "codename": "change_contenttype", 
      "name": "Can change content type", 
      "content_type": 5
    }
  }, 
  {
    "pk": 15, 
    "model": "auth.permission", 
    "fields": {
      "codename": "delete_contenttype", 
      "name": "Can delete content type", 
      "content_type": 5
    }
  }, 
  {
    "pk": 34, 
    "model": "auth.permission", 
    "fields": {
      "codename": "add_case", 
      "name": "Can add case", 
      "content_type": 12
    }
  }, 
  {
    "pk": 40, 
    "model": "auth.permission", 
    "fields": {
      "codename": "add_casenote", 
      "name": "Can add case note", 
      "content_type": 14
    }
  }, 
  {
    "pk": 28, 
    "model": "auth.permission", 
    "fields": {
      "codename": "add_facility", 
      "name": "Can add facility", 
      "content_type": 10
    }
  }, 
  {
    "pk": 43, 
    "model": "auth.permission", 
    "fields": {
      "codename": "add_messagelog", 
      "name": "Can add message log", 
      "content_type": 15
    }
  }, 
  {
    "pk": 31, 
    "model": "auth.permission", 
    "fields": {
      "codename": "add_provider", 
      "name": "Can add provider", 
      "content_type": 11
    }
  }, 
  {
    "pk": 37, 
    "model": "auth.permission", 
    "fields": {
      "codename": "add_report", 
      "name": "Can add report", 
      "content_type": 13
    }
  }, 
  {
    "pk": 25, 
    "model": "auth.permission", 
    "fields": {
      "codename": "add_zone", 
      "name": "Can add zone", 
      "content_type": 9
    }
  }, 
  {
    "pk": 35, 
    "model": "auth.permission", 
    "fields": {
      "codename": "change_case", 
      "name": "Can change case", 
      "content_type": 12
    }
  }, 
  {
    "pk": 41, 
    "model": "auth.permission", 
    "fields": {
      "codename": "change_casenote", 
      "name": "Can change case note", 
      "content_type": 14
    }
  }, 
  {
    "pk": 29, 
    "model": "auth.permission", 
    "fields": {
      "codename": "change_facility", 
      "name": "Can change facility", 
      "content_type": 10
    }
  }, 
  {
    "pk": 44, 
    "model": "auth.permission", 
    "fields": {
      "codename": "change_messagelog", 
      "name": "Can change message log", 
      "content_type": 15
    }
  }, 
  {
    "pk": 32, 
    "model": "auth.permission", 
    "fields": {
      "codename": "change_provider", 
      "name": "Can change provider", 
      "content_type": 11
    }
  }, 
  {
    "pk": 38, 
    "model": "auth.permission", 
    "fields": {
      "codename": "change_report", 
      "name": "Can change report", 
      "content_type": 13
    }
  }, 
  {
    "pk": 26, 
    "model": "auth.permission", 
    "fields": {
      "codename": "change_zone", 
      "name": "Can change zone", 
      "content_type": 9
    }
  }, 
  {
    "pk": 36, 
    "model": "auth.permission", 
    "fields": {
      "codename": "delete_case", 
      "name": "Can delete case", 
      "content_type": 12
    }
  }, 
  {
    "pk": 42, 
    "model": "auth.permission", 
    "fields": {
      "codename": "delete_casenote", 
      "name": "Can delete case note", 
      "content_type": 14
    }
  }, 
  {
    "pk": 30, 
    "model": "auth.permission", 
    "fields": {
      "codename": "delete_facility", 
      "name": "Can delete facility", 
      "content_type": 10
    }
  }, 
  {
    "pk": 45, 
    "model": "auth.permission", 
    "fields": {
      "codename": "delete_messagelog", 
      "name": "Can delete message log", 
      "content_type": 15
    }
  }, 
  {
    "pk": 33, 
    "model": "auth.permission", 
    "fields": {
      "codename": "delete_provider", 
      "name": "Can delete provider", 
      "content_type": 11
    }
  }, 
  {
    "pk": 39, 
    "model": "auth.permission", 
    "fields": {
      "codename": "delete_report", 
      "name": "Can delete report", 
      "content_type": 13
    }
  }, 
  {
    "pk": 27, 
    "model": "auth.permission", 
    "fields": {
      "codename": "delete_zone", 
      "name": "Can delete zone", 
      "content_type": 9
    }
  }, 
  {
    "pk": 16, 
    "model": "auth.permission", 
    "fields": {
      "codename": "add_session", 
      "name": "Can add session", 
      "content_type": 6
    }
  }, 
  {
    "pk": 17, 
    "model": "auth.permission", 
    "fields": {
      "codename": "change_session", 
      "name": "Can change session", 
      "content_type": 6
    }
  }, 
  {
    "pk": 18, 
    "model": "auth.permission", 
    "fields": {
      "codename": "delete_session", 
      "name": "Can delete session", 
      "content_type": 6
    }
  }, 
  {
    "pk": 19, 
    "model": "auth.permission", 
    "fields": {
      "codename": "add_site", 
      "name": "Can add site", 
      "content_type": 7
    }
  }, 
  {
    "pk": 20, 
    "model": "auth.permission", 
    "fields": {
      "codename": "change_site", 
      "name": "Can change site", 
      "content_type": 7
    }
  }, 
  {
    "pk": 21, 
    "model": "auth.permission", 
    "fields": {
      "codename": "delete_site", 
      "name": "Can delete site", 
      "content_type": 7
    }
  }, 
  {
    "pk": 5, 
    "model": "auth.user", 
    "fields": {
      "username": "saleena", 
      "first_name": "Saleena", 
      "last_name": "Subaiya", 
      "is_active": true, 
      "is_superuser": false, 
      "is_staff": false, 
      "last_login": "2009-04-17 03:19:50", 
      "groups": [], 
      "user_permissions": [], 
      "password": "", 
      "email": "", 
      "date_joined": "2009-04-17 03:19:50"
    }
  }, 
  {
    "pk": 6, 
    "model": "auth.user", 
    "fields": {
      "username": "mberg", 
      "first_name": "Matt", 
      "last_name": "Berg", 
      "is_active": true, 
      "is_superuser": false, 
      "is_staff": false, 
      "last_login": "2009-04-17 05:16:54", 
      "groups": [], 
      "user_permissions": [], 
      "password": "", 
      "email": "", 
      "date_joined": "2009-04-17 05:16:54"
    }
  }, 
  {
    "pk": 7, 
    "model": "auth.user", 
    "fields": {
      "username": "oste", 
      "first_name": "Stephene", 
      "last_name": "Ogango", 
      "is_active": true, 
      "is_superuser": false, 
      "is_staff": false, 
      "last_login": "2009-04-17 05:22:56", 
      "groups": [], 
      "user_permissions": [], 
      "password": "", 
      "email": "", 
      "date_joined": "2009-04-17 05:22:56"
    }
  }, 
  {
    "pk": 8, 
    "model": "auth.user", 
    "fields": {
      "username": "jaber", 
      "first_name": "Esther", 
      "last_name": "Achieng", 
      "is_active": true, 
      "is_superuser": false, 
      "is_staff": false, 
      "last_login": "2009-04-17 05:24:14", 
      "groups": [], 
      "user_permissions": [], 
      "password": "", 
      "email": "", 
      "date_joined": "2009-04-17 05:24:14"
    }
  }, 
  {
    "pk": 9, 
    "model": "auth.user", 
    "fields": {
      "username": "jgladys", 
      "first_name": "Jum", 
      "last_name": "Gladys", 
      "is_active": true, 
      "is_superuser": false, 
      "is_staff": false, 
      "last_login": "2009-04-17 05:24:56", 
      "groups": [], 
      "user_permissions": [], 
      "password": "", 
      "email": "", 
      "date_joined": "2009-04-17 05:24:56"
    }
  }, 
  {
    "pk": 10, 
    "model": "auth.user", 
    "fields": {
      "username": "sue", 
      "first_name": "Mary", 
      "last_name": "Ochola", 
      "is_active": true, 
      "is_superuser": false, 
      "is_staff": false, 
      "last_login": "2009-04-17 05:25:22", 
      "groups": [], 
      "user_permissions": [], 
      "password": "", 
      "email": "", 
      "date_joined": "2009-04-17 05:25:22"
    }
  }, 
  {
    "pk": 11, 
    "model": "auth.user", 
    "fields": {
      "username": "odhis", 
      "first_name": "Henry", 
      "last_name": "Odhiambo", 
      "is_active": true, 
      "is_superuser": false, 
      "is_staff": false, 
      "last_login": "2009-04-17 05:26:03", 
      "groups": [], 
      "user_permissions": [], 
      "password": "", 
      "email": "", 
      "date_joined": "2009-04-17 05:26:03"
    }
  }, 
  {
    "pk": 12, 
    "model": "auth.user", 
    "fields": {
      "username": "ochieng", 
      "first_name": "Peter", 
      "last_name": "Rambaya", 
      "is_active": true, 
      "is_superuser": false, 
      "is_staff": false, 
      "last_login": "2009-04-17 05:26:14", 
      "groups": [], 
      "user_permissions": [], 
      "password": "", 
      "email": "", 
      "date_joined": "2009-04-17 05:26:14"
    }
  }, 
  {
    "pk": 13, 
    "model": "auth.user", 
    "fields": {
      "username": "jatelo", 
      "first_name": "Sylvia", 
      "last_name": "Auma", 
      "is_active": true, 
      "is_superuser": false, 
      "is_staff": false, 
      "last_login": "2009-04-17 05:26:40", 
      "groups": [], 
      "user_permissions": [], 
      "password": "", 
      "email": "", 
      "date_joined": "2009-04-17 05:26:40"
    }
  }, 
  {
    "pk": 14, 
    "model": "auth.user", 
    "fields": {
      "username": "oeunia", 
      "first_name": "Omole", 
      "last_name": "Eunia", 
      "is_active": true, 
      "is_superuser": false, 
      "is_staff": false, 
      "last_login": "2009-04-17 05:28:39", 
      "groups": [], 
      "user_permissions": [], 
      "password": "", 
      "email": "", 
      "date_joined": "2009-04-17 05:28:39"
    }
  }, 
  {
    "pk": 15, 
    "model": "auth.user", 
    "fields": {
      "username": "jakom", 
      "first_name": "Jared", 
      "last_name": "Ouma", 
      "is_active": true, 
      "is_superuser": false, 
      "is_staff": false, 
      "last_login": "2009-04-17 05:33:05", 
      "groups": [], 
      "user_permissions": [], 
      "password": "", 
      "email": "", 
      "date_joined": "2009-04-17 05:33:05"
    }
  }, 
  {
    "pk": 1, 
    "model": "auth.user", 
    "fields": {
      "username": "mvp", 
      "first_name": "", 
      "last_name": "", 
      "is_active": true, 
      "is_superuser": true, 
      "is_staff": true, 
      "last_login": "2009-04-18 10:01:09", 
      "groups": [], 
      "user_permissions": [], 
      "password": "sha1$f5a72$9e54f94836259887c7da312ab8ed1f124b29e999", 
      "email": "mberg@ei.columbia.edu", 
      "date_joined": "2009-04-16 15:21:25"
    }
  }, 
  {
    "pk": "85c1045b749c26c450d106adc4f8f316", 
    "model": "sessions.session", 
    "fields": {
      "expire_date": "2009-04-30 15:33:27", 
      "session_data": "gAJ9cQEoVRJfYXV0aF91c2VyX2JhY2tlbmRxAlUpZGphbmdvLmNvbnRyaWIuYXV0aC5iYWNrZW5k\ncy5Nb2RlbEJhY2tlbmRxA1UNX2F1dGhfdXNlcl9pZHEESwF1LjczYTdhZjZmMzg1NWE0MTAwNzRm\nYzJiZjVmNzBhOTdm\n"
    }
  }, 
  {
    "pk": "3478d424c5305b31dbf073faf013632e", 
    "model": "sessions.session", 
    "fields": {
      "expire_date": "2009-05-02 08:20:32", 
      "session_data": "gAJ9cQEoVRJfYXV0aF91c2VyX2JhY2tlbmRxAlUpZGphbmdvLmNvbnRyaWIuYXV0aC5iYWNrZW5k\ncy5Nb2RlbEJhY2tlbmRxA1UNX2F1dGhfdXNlcl9pZHEESwF1LjczYTdhZjZmMzg1NWE0MTAwNzRm\nYzJiZjVmNzBhOTdm\n"
    }
  }, 
  {
    "pk": "cbd79c30813827ee22f2c04902866dab", 
    "model": "sessions.session", 
    "fields": {
      "expire_date": "2009-05-02 09:02:04", 
      "session_data": "gAJ9cQEoVQp0ZXN0Y29va2llcQJVBndvcmtlZHEDVRJfYXV0aF91c2VyX2JhY2tlbmRxBFUpZGph\nbmdvLmNvbnRyaWIuYXV0aC5iYWNrZW5kcy5Nb2RlbEJhY2tlbmRxBVUNX2F1dGhfdXNlcl9pZHEG\nSwF1LjYyYmY3YzNjZjdkMDEzOTczMDk0ODA2MzQzZmU1N2E2\n"
    }
  }, 
  {
    "pk": "400db501e29593692fc2f6d53de49d85", 
    "model": "sessions.session", 
    "fields": {
      "expire_date": "2009-05-02 10:01:09", 
      "session_data": "gAJ9cQEoVRJfYXV0aF91c2VyX2JhY2tlbmRxAlUpZGphbmdvLmNvbnRyaWIuYXV0aC5iYWNrZW5k\ncy5Nb2RlbEJhY2tlbmRxA1UNX2F1dGhfdXNlcl9pZHEESwF1LjczYTdhZjZmMzg1NWE0MTAwNzRm\nYzJiZjVmNzBhOTdm\n"
    }
  }, 
  {
    "pk": 26, 
    "model": "admin.logentry", 
    "fields": {
      "action_flag": 2, 
      "action_time": "2009-04-19 03:30:55", 
      "object_repr": "#19", 
      "object_id": "19", 
      "change_message": "Changed entered_at and observed.", 
      "user": 1, 
      "content_type": 13
    }
  }, 
  {
    "pk": 25, 
    "model": "admin.logentry", 
    "fields": {
      "action_flag": 1, 
      "action_time": "2009-04-19 03:25:01", 
      "object_repr": "#19", 
      "object_id": "19", 
      "change_message": "", 
      "user": 1, 
      "content_type": 13
    }
  }, 
  {
    "pk": 24, 
    "model": "admin.logentry", 
    "fields": {
      "action_flag": 1, 
      "action_time": "2009-04-19 02:27:02", 
      "object_repr": "#18", 
      "object_id": "18", 
      "change_message": "", 
      "user": 1, 
      "content_type": 13
    }
  }, 
  {
    "pk": 23, 
    "model": "admin.logentry", 
    "fields": {
      "action_flag": 2, 
      "action_time": "2009-04-18 09:04:15", 
      "object_repr": "mvp", 
      "object_id": "1", 
      "change_message": "Added provider \"1234235345\".", 
      "user": 1, 
      "content_type": 3
    }
  }, 
  {
    "pk": 22, 
    "model": "admin.logentry", 
    "fields": {
      "action_flag": 3, 
      "action_time": "2009-04-17 04:40:34", 
      "object_repr": "yang", 
      "object_id": "None", 
      "change_message": "", 
      "user": 1, 
      "content_type": 3
    }
  }, 
  {
    "pk": 21, 
    "model": "admin.logentry", 
    "fields": {
      "action_flag": 3, 
      "action_time": "2009-04-17 04:40:11", 
      "object_repr": "rozimo", 
      "object_id": "None", 
      "change_message": "", 
      "user": 1, 
      "content_type": 3
    }
  }, 
  {
    "pk": 20, 
    "model": "admin.logentry", 
    "fields": {
      "action_flag": 3, 
      "action_time": "2009-04-17 04:40:03", 
      "object_repr": "pizie", 
      "object_id": "None", 
      "change_message": "", 
      "user": 1, 
      "content_type": 3
    }
  }, 
  {
    "pk": 19, 
    "model": "admin.logentry", 
    "fields": {
      "action_flag": 3, 
      "action_time": "2009-04-17 04:39:56", 
      "object_repr": "paty", 
      "object_id": "None", 
      "change_message": "", 
      "user": 1, 
      "content_type": 3
    }
  }, 
  {
    "pk": 18, 
    "model": "admin.logentry", 
    "fields": {
      "action_flag": 3, 
      "action_time": "2009-04-17 04:39:48", 
      "object_repr": "pastor", 
      "object_id": "None", 
      "change_message": "", 
      "user": 1, 
      "content_type": 3
    }
  }, 
  {
    "pk": 17, 
    "model": "admin.logentry", 
    "fields": {
      "action_flag": 3, 
      "action_time": "2009-04-17 04:39:40", 
      "object_repr": "papy", 
      "object_id": "None", 
      "change_message": "", 
      "user": 1, 
      "content_type": 3
    }
  }, 
  {
    "pk": 16, 
    "model": "admin.logentry", 
    "fields": {
      "action_flag": 3, 
      "action_time": "2009-04-17 04:39:26", 
      "object_repr": "omathews", 
      "object_id": "None", 
      "change_message": "", 
      "user": 1, 
      "content_type": 3
    }
  }, 
  {
    "pk": 15, 
    "model": "admin.logentry", 
    "fields": {
      "action_flag": 3, 
      "action_time": "2009-04-17 04:39:11", 
      "object_repr": "mo", 
      "object_id": "None", 
      "change_message": "", 
      "user": 1, 
      "content_type": 3
    }
  }, 
  {
    "pk": 14, 
    "model": "admin.logentry", 
    "fields": {
      "action_flag": 3, 
      "action_time": "2009-04-17 04:39:01", 
      "object_repr": "mberg", 
      "object_id": "None", 
      "change_message": "", 
      "user": 1, 
      "content_type": 3
    }
  }, 
  {
    "pk": 13, 
    "model": "admin.logentry", 
    "fields": {
      "action_flag": 3, 
      "action_time": "2009-04-17 04:38:47", 
      "object_repr": "jopisi", 
      "object_id": "None", 
      "change_message": "", 
      "user": 1, 
      "content_type": 3
    }
  }, 
  {
    "pk": 12, 
    "model": "admin.logentry", 
    "fields": {
      "action_flag": 3, 
      "action_time": "2009-04-17 04:38:34", 
      "object_repr": "dokumu", 
      "object_id": "None", 
      "change_message": "", 
      "user": 1, 
      "content_type": 3
    }
  }, 
  {
    "pk": 11, 
    "model": "admin.logentry", 
    "fields": {
      "action_flag": 3, 
      "action_time": "2009-04-17 04:38:22", 
      "object_repr": "cmarari", 
      "object_id": "None", 
      "change_message": "", 
      "user": 1, 
      "content_type": 3
    }
  }, 
  {
    "pk": 10, 
    "model": "admin.logentry", 
    "fields": {
      "action_flag": 3, 
      "action_time": "2009-04-17 04:38:11", 
      "object_repr": "atwech", 
      "object_id": "None", 
      "change_message": "", 
      "user": 1, 
      "content_type": 3
    }
  }, 
  {
    "pk": 9, 
    "model": "admin.logentry", 
    "fields": {
      "action_flag": 3, 
      "action_time": "2009-04-17 04:37:59", 
      "object_repr": "asco", 
      "object_id": "None", 
      "change_message": "", 
      "user": 1, 
      "content_type": 3
    }
  }, 
  {
    "pk": 8, 
    "model": "admin.logentry", 
    "fields": {
      "action_flag": 1, 
      "action_time": "2009-04-17 02:02:12", 
      "object_repr": "Uranga Clinic", 
      "object_id": "4", 
      "change_message": "", 
      "user": 1, 
      "content_type": 10
    }
  }, 
  {
    "pk": 7, 
    "model": "admin.logentry", 
    "fields": {
      "action_flag": 1, 
      "action_time": "2009-04-17 02:01:58", 
      "object_repr": "Lihanda Clinic", 
      "object_id": "3", 
      "change_message": "", 
      "user": 1, 
      "content_type": 10
    }
  }, 
  {
    "pk": 6, 
    "model": "admin.logentry", 
    "fields": {
      "action_flag": 1, 
      "action_time": "2009-04-17 02:01:22", 
      "object_repr": "Ramula Clinic", 
      "object_id": "2", 
      "change_message": "", 
      "user": 1, 
      "content_type": 10
    }
  }, 
  {
    "pk": 5, 
    "model": "admin.logentry", 
    "fields": {
      "action_flag": 1, 
      "action_time": "2009-04-17 02:00:53", 
      "object_repr": "Uranga", 
      "object_id": "4", 
      "change_message": "", 
      "user": 1, 
      "content_type": 9
    }
  }, 
  {
    "pk": 4, 
    "model": "admin.logentry", 
    "fields": {
      "action_flag": 1, 
      "action_time": "2009-04-17 02:00:46", 
      "object_repr": "Lihanda", 
      "object_id": "3", 
      "change_message": "", 
      "user": 1, 
      "content_type": 9
    }
  }, 
  {
    "pk": 3, 
    "model": "admin.logentry", 
    "fields": {
      "action_flag": 1, 
      "action_time": "2009-04-17 02:00:35", 
      "object_repr": "Ramula", 
      "object_id": "2", 
      "change_message": "", 
      "user": 1, 
      "content_type": 9
    }
  }, 
  {
    "pk": 2, 
    "model": "admin.logentry", 
    "fields": {
      "action_flag": 1, 
      "action_time": "2009-04-16 15:34:38", 
      "object_repr": "Sauri Clinic", 
      "object_id": "1", 
      "change_message": "", 
      "user": 1, 
      "content_type": 10
    }
  }, 
  {
    "pk": 1, 
    "model": "admin.logentry", 
    "fields": {
      "action_flag": 1, 
      "action_time": "2009-04-16 15:34:14", 
      "object_repr": "Sauri", 
      "object_id": "1", 
      "change_message": "", 
      "user": 1, 
      "content_type": 9
    }
  }, 
  {
    "pk": 1, 
    "model": "mctc.zone", 
    "fields": {
      "lat": null, 
      "lon": null, 
      "number": 1, 
      "name": "Sauri"
    }
  }, 
  {
    "pk": 2, 
    "model": "mctc.zone", 
    "fields": {
      "lat": null, 
      "lon": null, 
      "number": 2, 
      "name": "Ramula"
    }
  }, 
  {
    "pk": 3, 
    "model": "mctc.zone", 
    "fields": {
      "lat": null, 
      "lon": null, 
      "number": 3, 
      "name": "Lihanda"
    }
  }, 
  {
    "pk": 4, 
    "model": "mctc.zone", 
    "fields": {
      "lat": null, 
      "lon": null, 
      "number": 4, 
      "name": "Uranga"
    }
  }, 
  {
    "pk": 1, 
    "model": "mctc.facility", 
    "fields": {
      "name": "Sauri Clinic", 
      "zone": 1, 
      "lon": null, 
      "role": 1, 
      "lat": null, 
      "codename": "sauri"
    }
  }, 
  {
    "pk": 2, 
    "model": "mctc.facility", 
    "fields": {
      "name": "Ramula Clinic", 
      "zone": 2, 
      "lon": null, 
      "role": 1, 
      "lat": null, 
      "codename": "ramula"
    }
  }, 
  {
    "pk": 3, 
    "model": "mctc.facility", 
    "fields": {
      "name": "Lihanda Clinic", 
      "zone": 3, 
      "lon": null, 
      "role": 1, 
      "lat": null, 
      "codename": "lihanda"
    }
  }, 
  {
    "pk": 4, 
    "model": "mctc.facility", 
    "fields": {
      "name": "Uranga Clinic", 
      "zone": 4, 
      "lon": null, 
      "role": 1, 
      "lat": null, 
      "codename": "uranga"
    }
  }, 
  {
    "pk": 4, 
    "model": "mctc.provider", 
    "fields": {
      "mobile": "+254715456709", 
      "alerts": false, 
      "manager": null, 
      "clinic": 2, 
      "role": 1, 
      "user": 5, 
      "active": true
    }
  }, 
  {
    "pk": 5, 
    "model": "mctc.provider", 
    "fields": {
      "mobile": "+254738935069", 
      "alerts": false, 
      "manager": null, 
      "clinic": 3, 
      "role": 1, 
      "user": 6, 
      "active": true
    }
  }, 
  {
    "pk": 6, 
    "model": "mctc.provider", 
    "fields": {
      "mobile": "+254738962187", 
      "alerts": false, 
      "manager": null, 
      "clinic": 3, 
      "role": 1, 
      "user": 7, 
      "active": true
    }
  }, 
  {
    "pk": 7, 
    "model": "mctc.provider", 
    "fields": {
      "mobile": "+254738962199", 
      "alerts": false, 
      "manager": null, 
      "clinic": 3, 
      "role": 1, 
      "user": 8, 
      "active": true
    }
  }, 
  {
    "pk": 8, 
    "model": "mctc.provider", 
    "fields": {
      "mobile": "+254738962200", 
      "alerts": false, 
      "manager": null, 
      "clinic": 3, 
      "role": 1, 
      "user": 9, 
      "active": true
    }
  }, 
  {
    "pk": 9, 
    "model": "mctc.provider", 
    "fields": {
      "mobile": "+254738962195", 
      "alerts": false, 
      "manager": null, 
      "clinic": 3, 
      "role": 1, 
      "user": 10, 
      "active": true
    }
  }, 
  {
    "pk": 10, 
    "model": "mctc.provider", 
    "fields": {
      "mobile": "+254738962198", 
      "alerts": false, 
      "manager": null, 
      "clinic": 3, 
      "role": 1, 
      "user": 11, 
      "active": true
    }
  }, 
  {
    "pk": 11, 
    "model": "mctc.provider", 
    "fields": {
      "mobile": "+254738962197", 
      "alerts": false, 
      "manager": null, 
      "clinic": 3, 
      "role": 1, 
      "user": 12, 
      "active": true
    }
  }, 
  {
    "pk": 12, 
    "model": "mctc.provider", 
    "fields": {
      "mobile": "+254738962194", 
      "alerts": false, 
      "manager": null, 
      "clinic": 3, 
      "role": 1, 
      "user": 13, 
      "active": true
    }
  }, 
  {
    "pk": 13, 
    "model": "mctc.provider", 
    "fields": {
      "mobile": "+254738962201", 
      "alerts": false, 
      "manager": null, 
      "clinic": 3, 
      "role": 1, 
      "user": 14, 
      "active": true
    }
  }, 
  {
    "pk": 14, 
    "model": "mctc.provider", 
    "fields": {
      "mobile": "+254738962193", 
      "alerts": false, 
      "manager": null, 
      "clinic": 3, 
      "role": 1, 
      "user": 15, 
      "active": true
    }
  }, 
  {
    "pk": 15, 
    "model": "mctc.provider", 
    "fields": {
      "mobile": "1234235345", 
      "alerts": false, 
      "manager": null, 
      "clinic": 1, 
      "role": 1, 
      "user": 1, 
      "active": true
    }
  }, 
  {
    "pk": 1, 
    "model": "mctc.case", 
    "fields": {
      "first_name": "John", 
      "last_name": "Ochieng", 
      "district": null, 
      "zone": 3, 
      "dob": "2008-03-22", 
      "gender": "M", 
      "created_at": "2009-04-17 05:51:59", 
      "provider": 11, 
      "updated_at": "2009-04-17 06:08:56", 
      "ref_id": 18, 
      "mobile": null, 
      "guardian": "Peter", 
      "village": null
    }
  }, 
  {
    "pk": 2, 
    "model": "mctc.case", 
    "fields": {
      "first_name": "James", 
      "last_name": "Otieno", 
      "district": null, 
      "zone": 3, 
      "dob": "2006-03-24", 
      "gender": "M", 
      "created_at": "2009-04-17 05:53:17", 
      "provider": 8, 
      "updated_at": "2009-04-17 06:10:04", 
      "ref_id": 26, 
      "mobile": null, 
      "guardian": "Jane", 
      "village": null
    }
  }, 
  {
    "pk": 3, 
    "model": "mctc.case", 
    "fields": {
      "first_name": "Eury", 
      "last_name": "Obida", 
      "district": null, 
      "zone": 3, 
      "dob": "2008-06-12", 
      "gender": "M", 
      "created_at": "2009-04-17 05:53:22", 
      "provider": 6, 
      "updated_at": "2009-04-17 06:09:11", 
      "ref_id": 34, 
      "mobile": null, 
      "guardian": "Jackylne", 
      "village": null
    }
  }, 
  {
    "pk": 4, 
    "model": "mctc.case", 
    "fields": {
      "first_name": "John", 
      "last_name": "Omondi", 
      "district": null, 
      "zone": 3, 
      "dob": "2007-04-20", 
      "gender": "M", 
      "created_at": "2009-04-17 05:53:28", 
      "provider": 12, 
      "updated_at": "2009-04-17 06:10:25", 
      "ref_id": 42, 
      "mobile": null, 
      "guardian": "Mary", 
      "village": null
    }
  }, 
  {
    "pk": 5, 
    "model": "mctc.case", 
    "fields": {
      "first_name": "Rose", 
      "last_name": "Akiny", 
      "district": null, 
      "zone": 3, 
      "dob": "2009-01-20", 
      "gender": "F", 
      "created_at": "2009-04-17 05:53:38", 
      "provider": 14, 
      "updated_at": "2009-04-17 06:09:32", 
      "ref_id": 59, 
      "mobile": null, 
      "guardian": "Caren", 
      "village": null
    }
  }, 
  {
    "pk": 6, 
    "model": "mctc.case", 
    "fields": {
      "first_name": "Judy", 
      "last_name": "Achieng", 
      "district": null, 
      "zone": 3, 
      "dob": "2004-09-06", 
      "gender": "F", 
      "created_at": "2009-04-17 05:54:09", 
      "provider": 9, 
      "updated_at": "2009-04-17 05:54:09", 
      "ref_id": 67, 
      "mobile": null, 
      "guardian": "Anne Otieno", 
      "village": null
    }
  }, 
  {
    "pk": 7, 
    "model": "mctc.case", 
    "fields": {
      "first_name": "Mary", 
      "last_name": "Atieno", 
      "district": null, 
      "zone": 3, 
      "dob": "2008-02-10", 
      "gender": "F", 
      "created_at": "2009-04-17 05:55:01", 
      "provider": 10, 
      "updated_at": "2009-04-17 06:17:30", 
      "ref_id": 75, 
      "mobile": null, 
      "guardian": "Jane", 
      "village": null
    }
  }, 
  {
    "pk": 8, 
    "model": "mctc.case", 
    "fields": {
      "first_name": "Judy", 
      "last_name": "Amondi", 
      "district": null, 
      "zone": 3, 
      "dob": "2008-02-15", 
      "gender": "F", 
      "created_at": "2009-04-17 05:55:32", 
      "provider": 13, 
      "updated_at": "2009-04-17 06:43:19", 
      "ref_id": 83, 
      "mobile": null, 
      "guardian": "Mary", 
      "village": null
    }
  }, 
  {
    "pk": 9, 
    "model": "mctc.case", 
    "fields": {
      "first_name": "Samwel", 
      "last_name": "Owino", 
      "district": null, 
      "zone": 3, 
      "dob": "2008-12-31", 
      "gender": "M", 
      "created_at": "2009-04-17 06:03:45", 
      "provider": 7, 
      "updated_at": "2009-04-17 06:09:54", 
      "ref_id": 91, 
      "mobile": null, 
      "guardian": "Esther", 
      "village": null
    }
  }, 
  {
    "pk": 10, 
    "model": "mctc.case", 
    "fields": {
      "first_name": "Susan", 
      "last_name": "Otieno", 
      "district": null, 
      "zone": 3, 
      "dob": "2003-06-08", 
      "gender": "F", 
      "created_at": "2009-04-17 06:13:42", 
      "provider": 9, 
      "updated_at": "2009-04-17 06:13:42", 
      "ref_id": 108, 
      "mobile": null, 
      "guardian": "Mary", 
      "village": null
    }
  }, 
  {
    "pk": 11, 
    "model": "mctc.case", 
    "fields": {
      "first_name": "Josina", 
      "last_name": "Atieno", 
      "district": null, 
      "zone": 3, 
      "dob": "2008-05-10", 
      "gender": "F", 
      "created_at": "2009-04-17 06:19:29", 
      "provider": 6, 
      "updated_at": "2009-04-17 06:44:31", 
      "ref_id": 116, 
      "mobile": null, 
      "guardian": "Perez", 
      "village": null
    }
  }, 
  {
    "pk": 12, 
    "model": "mctc.case", 
    "fields": {
      "first_name": "Josphine", 
      "last_name": "Achieng", 
      "district": null, 
      "zone": 3, 
      "dob": "2007-12-15", 
      "gender": "F", 
      "created_at": "2009-04-17 06:22:46", 
      "provider": 14, 
      "updated_at": "2009-04-17 06:36:12", 
      "ref_id": 124, 
      "mobile": null, 
      "guardian": "Beryl", 
      "village": null
    }
  }, 
  {
    "pk": 13, 
    "model": "mctc.case", 
    "fields": {
      "first_name": "Margret", 
      "last_name": "Adhiambo", 
      "district": null, 
      "zone": 3, 
      "dob": "2008-04-11", 
      "gender": "F", 
      "created_at": "2009-04-17 06:23:23", 
      "provider": 10, 
      "updated_at": "2009-04-17 06:23:23", 
      "ref_id": 132, 
      "mobile": null, 
      "guardian": "Joyce", 
      "village": null
    }
  }, 
  {
    "pk": 14, 
    "model": "mctc.case", 
    "fields": {
      "first_name": "Mercelline", 
      "last_name": "Anyango", 
      "district": null, 
      "zone": 3, 
      "dob": "2008-02-25", 
      "gender": "F", 
      "created_at": "2009-04-17 06:24:41", 
      "provider": 11, 
      "updated_at": "2009-04-17 06:24:41", 
      "ref_id": 150, 
      "mobile": null, 
      "guardian": "Atieno", 
      "village": null
    }
  }, 
  {
    "pk": 15, 
    "model": "mctc.case", 
    "fields": {
      "first_name": "Jane", 
      "last_name": "Awino", 
      "district": null, 
      "zone": 3, 
      "dob": "2007-04-10", 
      "gender": "F", 
      "created_at": "2009-04-17 06:27:28", 
      "provider": 12, 
      "updated_at": "2009-04-17 06:40:22", 
      "ref_id": 157, 
      "mobile": null, 
      "guardian": "Rose", 
      "village": null
    }
  }, 
  {
    "pk": 16, 
    "model": "mctc.case", 
    "fields": {
      "first_name": "Felix", 
      "last_name": "Ochieng", 
      "district": null, 
      "zone": 3, 
      "dob": "2008-09-23", 
      "gender": "M", 
      "created_at": "2009-04-17 06:27:33", 
      "provider": 8, 
      "updated_at": "2009-04-17 06:38:43", 
      "ref_id": 165, 
      "mobile": null, 
      "guardian": "Jane", 
      "village": null
    }
  }, 
  {
    "pk": 17, 
    "model": "mctc.case", 
    "fields": {
      "first_name": "Mecelline", 
      "last_name": "Anyango", 
      "district": null, 
      "zone": 3, 
      "dob": "2008-12-25", 
      "gender": "F", 
      "created_at": "2009-04-17 06:34:28", 
      "provider": 11, 
      "updated_at": "2009-04-17 06:34:28", 
      "ref_id": 173, 
      "mobile": "143", 
      "guardian": "Atieno", 
      "village": null
    }
  }, 
  {
    "pk": 18, 
    "model": "mctc.case", 
    "fields": {
      "first_name": "Everlyne", 
      "last_name": "Adhiambo", 
      "district": null, 
      "zone": 3, 
      "dob": "2007-08-12", 
      "gender": "F", 
      "created_at": "2009-04-17 06:35:41", 
      "provider": 7, 
      "updated_at": "2009-04-17 06:41:50", 
      "ref_id": 181, 
      "mobile": null, 
      "guardian": "Loyce", 
      "village": null
    }
  }, 
  {
    "pk": 19, 
    "model": "mctc.case", 
    "fields": {
      "first_name": "Margret", 
      "last_name": "Adhiambo", 
      "district": null, 
      "zone": 3, 
      "dob": "2008-04-11", 
      "gender": "F", 
      "created_at": "2009-04-17 06:36:07", 
      "provider": 10, 
      "updated_at": "2009-04-17 06:41:14", 
      "ref_id": 199, 
      "mobile": null, 
      "guardian": "Jane", 
      "village": null
    }
  }, 
  {
    "pk": 20, 
    "model": "mctc.case", 
    "fields": {
      "first_name": "Mecelline", 
      "last_name": "Anyango", 
      "district": null, 
      "zone": 3, 
      "dob": "2008-12-25", 
      "gender": "F", 
      "created_at": "2009-04-17 06:36:38", 
      "provider": 11, 
      "updated_at": "2009-04-17 06:36:38", 
      "ref_id": 206, 
      "mobile": null, 
      "guardian": "Atieno", 
      "village": null
    }
  }, 
  {
    "pk": 21, 
    "model": "mctc.case", 
    "fields": {
      "first_name": "Lydia", 
      "last_name": "Awuor", 
      "district": null, 
      "zone": 3, 
      "dob": "2008-02-06", 
      "gender": "F", 
      "created_at": "2009-04-17 06:39:56", 
      "provider": 9, 
      "updated_at": "2009-04-17 06:43:50", 
      "ref_id": 214, 
      "mobile": null, 
      "guardian": "E Sam", 
      "village": null
    }
  }, 
  {
    "pk": 18, 
    "model": "mctc.reportmalnutrition", 
    "fields": {
      "case": 1, 
      "muac": 100, 
      "weight": null, 
      "height": null, 
      "entered_at": "2009-04-19 02:27:02", 
      "provider": 4
    }
  }, 
  {
    "pk": 17, 
    "model": "mctc.reportmalnutrition", 
    "fields": {
      "case": 11, 
      "muac": 140, 
      "weight": null, 
      "height": null, 
      "entered_at": "2009-04-17 06:44:31", 
      "provider": 6
    }
  }, 
  {
    "pk": 16, 
    "model": "mctc.reportmalnutrition", 
    "fields": {
      "case": 21, 
      "muac": 134, 
      "weight": null, 
      "height": null, 
      "entered_at": "2009-04-17 06:43:50", 
      "provider": 9
    }
  }, 
  {
    "pk": 15, 
    "model": "mctc.reportmalnutrition", 
    "fields": {
      "case": 8, 
      "muac": 145, 
      "weight": null, 
      "height": null, 
      "entered_at": "2009-04-17 06:43:19", 
      "provider": 13
    }
  }, 
  {
    "pk": 14, 
    "model": "mctc.reportmalnutrition", 
    "fields": {
      "case": 18, 
      "muac": 106, 
      "weight": null, 
      "height": null, 
      "entered_at": "2009-04-17 06:41:50", 
      "provider": 7
    }
  }, 
  {
    "pk": 13, 
    "model": "mctc.reportmalnutrition", 
    "fields": {
      "case": 19, 
      "muac": 150, 
      "weight": null, 
      "height": null, 
      "entered_at": "2009-04-17 06:41:14", 
      "provider": 10
    }
  }, 
  {
    "pk": 12, 
    "model": "mctc.reportmalnutrition", 
    "fields": {
      "case": 15, 
      "muac": 162, 
      "weight": null, 
      "height": null, 
      "entered_at": "2009-04-17 06:40:22", 
      "provider": 12
    }
  }, 
  {
    "pk": 11, 
    "model": "mctc.reportmalnutrition", 
    "fields": {
      "case": 16, 
      "muac": 152, 
      "weight": null, 
      "height": null, 
      "entered_at": "2009-04-17 06:38:43", 
      "provider": 8
    }
  }, 
  {
    "pk": 10, 
    "model": "mctc.reportmalnutrition", 
    "fields": {
      "case": 12, 
      "muac": 159, 
      "weight": null, 
      "height": null,  
      "entered_at": "2009-04-17 06:36:12", 
      "provider": 14
    }
  }, 
  {
    "pk": 8, 
    "model": "mctc.reportmalnutrition", 
    "fields": {
      "case": 7, 
      "muac": 103, 
      "weight": null, 
      "height": null, 
      "entered_at": "2009-04-17 06:17:30", 
      "provider": 10
    }
  }, 
  {
    "pk": 7, 
    "model": "mctc.reportmalnutrition", 
    "fields": {
      "case": 4, 
      "muac": 105, 
      "weight": null, 
      "height": null, 
      "entered_at": "2009-04-17 06:10:25", 
      "provider": 12
    }
  }, 
  {
    "pk": 6, 
    "model": "mctc.reportmalnutrition", 
    "fields": {
      "case": 2, 
      "muac": 105, 
      "weight": null, 
      "height": null, 
      "entered_at": "2009-04-17 06:10:04", 
      "provider": 8
    }
  }, 
  {
    "pk": 5, 
    "model": "mctc.reportmalnutrition", 
    "fields": {
      "case": 9, 
      "muac": 108, 
      "weight": null, 
      "height": null, 
      "entered_at": "2009-04-17 06:09:54", 
      "provider": 7
    }
  }, 
  {
    "pk": 3, 
    "model": "mctc.reportmalnutrition", 
    "fields": {
      "case": 5, 
      "muac": 108, 
      "weight": null, 
      "height": null, 
      "entered_at": "2009-04-17 06:09:32", 
      "provider": 14
    }
  }, 
  {
    "pk": 2, 
    "model": "mctc.reportmalnutrition", 
    "fields": {
      "case": 3, 
      "muac": 125, 
      "weight": null, 
      "height": null, 
      "entered_at": "2009-04-17 06:09:11", 
      "provider": 6
    }
  }, 
  {
    "pk": 1, 
    "model": "mctc.reportmalnutrition", 
    "fields": {
      "case": 1, 
      "muac": 125, 
      "weight": null, 
      "height": null, 
      "entered_at": "2009-04-17 06:08:56", 
      "provider": 11
    }
  }, 
  {
    "pk": 19, 
    "model": "mctc.reportmalnutrition", 
    "fields": {
      "case": 1, 
      "muac": 100, 
      "weight": null, 
      "height": null, 
      "entered_at": "2009-03-19 03:25:01", 
      "provider": 4
    }
  }, 
  {
    "pk": 1, 
    "model": "mctc.messagelog", 
    "fields": {
      "mobile": "+123", 
      "text": "Your subscription to Club 20 has been successfully renewed.Zain. A Wonderful world.", 
      "created_at": "2009-04-17 01:04:18", 
      "sent_by": null, 
      "was_handled": false
    }
  }, 
  {
    "pk": 2, 
    "model": "mctc.messagelog", 
    "fields": {
      "mobile": "+254738935069", 
      "text": "Join sauri berg matt mberg", 
      "created_at": "2009-04-17 01:19:51", 
      "sent_by": null, 
      "was_handled": true
    }
  }, 
  {
    "pk": 5, 
    "model": "mctc.messagelog", 
    "fields": {
      "mobile": "+254733484261", 
      "text": "JOIN SAURI ONYANGO MATHEWS OMATHEWS", 
      "created_at": "2009-04-17 01:28:24", 
      "sent_by": null, 
      "was_handled": true
    }
  }, 
  {
    "pk": 32, 
    "model": "mctc.messagelog", 
    "fields": {
      "mobile": "+254715456709", 
      "text": "join ramula subaiya saleena saleena", 
      "created_at": "2009-04-17 03:19:50", 
      "sent_by": null, 
      "was_handled": true
    }
  }, 
  {
    "pk": 35, 
    "model": "mctc.messagelog", 
    "fields": {
      "mobile": "+254715456709", 
      "text": "*1 holler", 
      "created_at": "2009-04-17 03:22:15", 
      "sent_by": 5, 
      "was_handled": true
    }
  }, 
  {
    "pk": 36, 
    "model": "mctc.messagelog", 
    "fields": {
      "mobile": "+254738962195", 
      "text": "Join ramula ouma richard yang", 
      "created_at": "2009-04-17 03:26:08", 
      "sent_by": null, 
      "was_handled": true
    }
  }, 
  {
    "pk": 37, 
    "model": "mctc.messagelog", 
    "fields": {
      "mobile": "+254738962198", 
      "text": "Join ramula marari chuo", 
      "created_at": "2009-04-17 03:26:29", 
      "sent_by": null, 
      "was_handled": true
    }
  }, 
  {
    "pk": 38, 
    "model": "mctc.messagelog", 
    "fields": {
      "mobile": "+254738962200", 
      "text": "JOIN ramula Otieno Peter pizie", 
      "created_at": "2009-04-17 03:26:50", 
      "sent_by": null, 
      "was_handled": true
    }
  }, 
  {
    "pk": 39, 
    "model": "mctc.messagelog", 
    "fields": {
      "mobile": "+254738962197", 
      "text": "Join ramula achieng magdaline asco", 
      "created_at": "2009-04-17 03:26:56", 
      "sent_by": null, 
      "was_handled": true
    }
  }, 
  {
    "pk": 40, 
    "model": "mctc.messagelog", 
    "fields": {
      "mobile": "+254738962187", 
      "text": "Join Ramula odhis Eric pastor", 
      "created_at": "2009-04-17 03:27:07", 
      "sent_by": null, 
      "was_handled": true
    }
  }, 
  {
    "pk": 41, 
    "model": "mctc.messagelog", 
    "fields": {
      "mobile": "+254738962201", 
      "text": "Join  ramula  apiyo rose  paty", 
      "created_at": "2009-04-17 03:27:43", 
      "sent_by": null, 
      "was_handled": true
    }
  }, 
  {
    "pk": 42, 
    "model": "mctc.messagelog", 
    "fields": {
      "mobile": "+254738962193", 
      "text": "Join ramula mbuchu joyce papy", 
      "created_at": "2009-04-17 03:28:19", 
      "sent_by": null, 
      "was_handled": true
    }
  }, 
  {
    "pk": 43, 
    "model": "mctc.messagelog", 
    "fields": {
      "mobile": "+254738962199", 
      "text": "Join Ramula Opisi Jane JOpisi", 
      "created_at": "2009-04-17 03:28:45", 
      "sent_by": null, 
      "was_handled": true
    }
  }, 
  {
    "pk": 44, 
    "model": "mctc.messagelog", 
    "fields": {
      "mobile": "+254738962194", 
      "text": "Join olando rose rozimo", 
      "created_at": "2009-04-17 03:28:50", 
      "sent_by": null, 
      "was_handled": true
    }
  }, 
  {
    "pk": 45, 
    "model": "mctc.messagelog", 
    "fields": {
      "mobile": "+254738962190", 
      "text": "Join Ramula achieng magret atwech", 
      "created_at": "2009-04-17 03:30:19", 
      "sent_by": null, 
      "was_handled": true
    }
  }, 
  {
    "pk": 46, 
    "model": "mctc.messagelog", 
    "fields": {
      "mobile": "+254715456709", 
      "text": "list *", 
      "created_at": "2009-04-17 03:30:29", 
      "sent_by": 5, 
      "was_handled": true
    }
  }, 
  {
    "pk": 48, 
    "model": "mctc.messagelog", 
    "fields": {
      "mobile": "+254738962194", 
      "text": "Join ramula olando rose rozimo", 
      "created_at": "2009-04-17 03:30:51", 
      "sent_by": null, 
      "was_handled": true
    }
  }, 
  {
    "pk": 107, 
    "model": "mctc.messagelog", 
    "fields": {
      "mobile": "+254738935069", 
      "text": "List", 
      "created_at": "2009-04-17 04:42:26", 
      "sent_by": null, 
      "was_handled": true
    }
  }, 
  {
    "pk": 108, 
    "model": "mctc.messagelog", 
    "fields": {
      "mobile": "+254738962198", 
      "text": "OK", 
      "created_at": "2009-04-17 04:42:57", 
      "sent_by": null, 
      "was_handled": false
    }
  }, 
  {
    "pk": 109, 
    "model": "mctc.messagelog", 
    "fields": {
      "mobile": "+254738962198", 
      "text": "OK", 
      "created_at": "2009-04-17 04:43:02", 
      "sent_by": null, 
      "was_handled": false
    }
  }, 
  {
    "pk": 110, 
    "model": "mctc.messagelog", 
    "fields": {
      "mobile": "+254738935069", 
      "text": "List", 
      "created_at": "2009-04-17 05:10:56", 
      "sent_by": null, 
      "was_handled": true
    }
  }, 
  {
    "pk": 111, 
    "model": "mctc.messagelog", 
    "fields": {
      "mobile": "254733100111", 
      "text": "Pay your KPLC bill with ZAP for free. Go to Zap or Me2U, Money, To Nickname-type KPLC, type amount, password, under Reference type KPLC Acc No and press OK.", 
      "created_at": "2009-04-17 05:14:18", 
      "sent_by": null, 
      "was_handled": false
    }
  }, 
  {
    "pk": 112, 
    "model": "mctc.messagelog", 
    "fields": {
      "mobile": "+254738935069", 
      "text": "List", 
      "created_at": "2009-04-17 05:15:52", 
      "sent_by": null, 
      "was_handled": true
    }
  }, 
  {
    "pk": 113, 
    "model": "mctc.messagelog", 
    "fields": {
      "mobile": "+254738935069", 
      "text": "Join lihanda berg matt mberg", 
      "created_at": "2009-04-17 05:16:54", 
      "sent_by": null, 
      "was_handled": true
    }
  }, 
  {
    "pk": 114, 
    "model": "mctc.messagelog", 
    "fields": {
      "mobile": "+254738962200", 
      "text": "Join lihanda gkj", 
      "created_at": "2009-04-17 05:22:05", 
      "sent_by": null, 
      "was_handled": false
    }
  }, 
  {
    "pk": 115, 
    "model": "mctc.messagelog", 
    "fields": {
      "mobile": "+254738962187", 
      "text": "Join lihanda ogango stephene oste", 
      "created_at": "2009-04-17 05:22:56", 
      "sent_by": null, 
      "was_handled": true
    }
  }, 
  {
    "pk": 116, 
    "model": "mctc.messagelog", 
    "fields": {
      "mobile": "+254738962199", 
      "text": "Join lihanda achieng esther jaber", 
      "created_at": "2009-04-17 05:24:14", 
      "sent_by": null, 
      "was_handled": true
    }
  }, 
  {
    "pk": 117, 
    "model": "mctc.messagelog", 
    "fields": {
      "mobile": "+254738962200", 
      "text": "Join lihanda gladys jum", 
      "created_at": "2009-04-17 05:24:56", 
      "sent_by": null, 
      "was_handled": true
    }
  }, 
  {
    "pk": 118, 
    "model": "mctc.messagelog", 
    "fields": {
      "mobile": "+254738962195", 
      "text": "Join lihanda  ochola mary sue", 
      "created_at": "2009-04-17 05:25:22", 
      "sent_by": null, 
      "was_handled": true
    }
  }, 
  {
    "pk": 119, 
    "model": "mctc.messagelog", 
    "fields": {
      "mobile": "+254738962198", 
      "text": "Join lihanda odhiambo henry odhis", 
      "created_at": "2009-04-17 05:26:03", 
      "sent_by": null, 
      "was_handled": true
    }
  }, 
  {
    "pk": 120, 
    "model": "mctc.messagelog", 
    "fields": {
      "mobile": "+254738962197", 
      "text": "Join lihanda rambaya peter ochieng", 
      "created_at": "2009-04-17 05:26:14", 
      "sent_by": null, 
      "was_handled": true
    }
  }, 
  {
    "pk": 121, 
    "model": "mctc.messagelog", 
    "fields": {
      "mobile": "+254738962194", 
      "text": "Join lihanda auma sylvia jatelo", 
      "created_at": "2009-04-17 05:26:40", 
      "sent_by": null, 
      "was_handled": true
    }
  }, 
  {
    "pk": 122, 
    "model": "mctc.messagelog", 
    "fields": {
      "mobile": "+254738962201", 
      "text": "Join llihanda eunia omole", 
      "created_at": "2009-04-17 05:27:32", 
      "sent_by": null, 
      "was_handled": true
    }
  }, 
  {
    "pk": 123, 
    "model": "mctc.messagelog", 
    "fields": {
      "mobile": "+254738962200", 
      "text": "Jn.", 
      "created_at": "2009-04-17 05:28:13", 
      "sent_by": 9, 
      "was_handled": false
    }
  }, 
  {
    "pk": 124, 
    "model": "mctc.messagelog", 
    "fields": {
      "mobile": "+254738962201", 
      "text": "Join lihanda eunia omole", 
      "created_at": "2009-04-17 05:28:39", 
      "sent_by": null, 
      "was_handled": true
    }
  }, 
  {
    "pk": 125, 
    "model": "mctc.messagelog", 
    "fields": {
      "mobile": "+254738962200", 
      "text": "OK", 
      "created_at": "2009-04-17 05:28:55", 
      "sent_by": 9, 
      "was_handled": false
    }
  }, 
  {
    "pk": 126, 
    "model": "mctc.messagelog", 
    "fields": {
      "mobile": "+254738962187", 
      "text": "List *", 
      "created_at": "2009-04-17 05:29:26", 
      "sent_by": 7, 
      "was_handled": true
    }
  }, 
  {
    "pk": 127, 
    "model": "mctc.messagelog", 
    "fields": {
      "mobile": "+254738962199", 
      "text": "List*", 
      "created_at": "2009-04-17 05:30:59", 
      "sent_by": 8, 
      "was_handled": true
    }
  }, 
  {
    "pk": 128, 
    "model": "mctc.messagelog", 
    "fields": {
      "mobile": "+254738962198", 
      "text": "Iist*", 
      "created_at": "2009-04-17 05:31:15", 
      "sent_by": 11, 
      "was_handled": false
    }
  }, 
  {
    "pk": 129, 
    "model": "mctc.messagelog", 
    "fields": {
      "mobile": "+254738962197", 
      "text": "List *", 
      "created_at": "2009-04-17 05:31:56", 
      "sent_by": 12, 
      "was_handled": true
    }
  }, 
  {
    "pk": 130, 
    "model": "mctc.messagelog", 
    "fields": {
      "mobile": "+254738962200", 
      "text": "List*", 
      "created_at": "2009-04-17 05:32:02", 
      "sent_by": 9, 
      "was_handled": true
    }
  }, 
  {
    "pk": 131, 
    "model": "mctc.messagelog", 
    "fields": {
      "mobile": "+254738962195", 
      "text": "List *", 
      "created_at": "2009-04-17 05:32:28", 
      "sent_by": 10, 
      "was_handled": true
    }
  }, 
  {
    "pk": 132, 
    "model": "mctc.messagelog", 
    "fields": {
      "mobile": "+254738935069", 
      "text": "List *", 
      "created_at": "2009-04-17 05:32:33", 
      "sent_by": 6, 
      "was_handled": true
    }
  }, 
  {
    "pk": 133, 
    "model": "mctc.messagelog", 
    "fields": {
      "mobile": "+254738962193", 
      "text": "Join lihanda ouma jared jakom", 
      "created_at": "2009-04-17 05:33:05", 
      "sent_by": null, 
      "was_handled": true
    }
  }, 
  {
    "pk": 134, 
    "model": "mctc.messagelog", 
    "fields": {
      "mobile": "+254738962194", 
      "text": "List*", 
      "created_at": "2009-04-17 05:33:52", 
      "sent_by": 13, 
      "was_handled": true
    }
  }, 
  {
    "pk": 135, 
    "model": "mctc.messagelog", 
    "fields": {
      "mobile": "+254738962201", 
      "text": "List *", 
      "created_at": "2009-04-17 05:33:56", 
      "sent_by": 14, 
      "was_handled": true
    }
  }, 
  {
    "pk": 136, 
    "model": "mctc.messagelog", 
    "fields": {
      "mobile": "+254738962187", 
      "text": "*4 hallo howz kisumu", 
      "created_at": "2009-04-17 05:36:15", 
      "sent_by": 7, 
      "was_handled": true
    }
  }, 
  {
    "pk": 137, 
    "model": "mctc.messagelog", 
    "fields": {
      "mobile": "+254738962193", 
      "text": "List*", 
      "created_at": "2009-04-17 05:36:36", 
      "sent_by": 15, 
      "was_handled": true
    }
  }, 
  {
    "pk": 138, 
    "model": "mctc.messagelog", 
    "fields": {
      "mobile": "+254738962194", 
      "text": "*11  hello  achieng", 
      "created_at": "2009-04-17 05:37:07", 
      "sent_by": 13, 
      "was_handled": true
    }
  }, 
  {
    "pk": 139, 
    "model": "mctc.messagelog", 
    "fields": {
      "mobile": "+254738962199", 
      "text": "*5 please.come calvin sick", 
      "created_at": "2009-04-17 05:37:38", 
      "sent_by": 8, 
      "was_handled": true
    }
  }, 
  {
    "pk": 140, 
    "model": "mctc.messagelog", 
    "fields": {
      "mobile": "+254738962200", 
      "text": "*6 HALLO TO YOU", 
      "created_at": "2009-04-17 05:37:49", 
      "sent_by": 9, 
      "was_handled": true
    }
  }, 
  {
    "pk": 141, 
    "model": "mctc.messagelog", 
    "fields": {
      "mobile": "+254738962187", 
      "text": "*8 howz uranga", 
      "created_at": "2009-04-17 05:38:20", 
      "sent_by": 7, 
      "was_handled": true
    }
  }, 
  {
    "pk": 142, 
    "model": "mctc.messagelog", 
    "fields": {
      "mobile": "+254738935069", 
      "text": "*jaber thanks coming soon", 
      "created_at": "2009-04-17 05:38:51", 
      "sent_by": 6, 
      "was_handled": true
    }
  }, 
  {
    "pk": 143, 
    "model": "mctc.messagelog", 
    "fields": {
      "mobile": "+254738962198", 
      "text": "*7 come please", 
      "created_at": "2009-04-17 05:39:43", 
      "sent_by": 11, 
      "was_handled": true
    }
  }, 
  {
    "pk": 144, 
    "model": "mctc.messagelog", 
    "fields": {
      "mobile": "+254738962197", 
      "text": "*4 morning ;-) wellcome to lihanda health center", 
      "created_at": "2009-04-17 05:39:48", 
      "sent_by": 12, 
      "was_handled": true
    }
  }, 
  {
    "pk": 145, 
    "model": "mctc.messagelog", 
    "fields": {
      "mobile": "+254738962195", 
      "text": "Eliud ochieng abonyo id no. 22867591 working as busness man", 
      "created_at": "2009-04-17 05:40:19", 
      "sent_by": 10, 
      "was_handled": false
    }
  }, 
  {
    "pk": 146, 
    "model": "mctc.messagelog", 
    "fields": {
      "mobile": "+254738962194", 
      "text": "*4 hello", 
      "created_at": "2009-04-17 05:41:01", 
      "sent_by": 13, 
      "was_handled": true
    }
  }, 
  {
    "pk": 147, 
    "model": "mctc.messagelog", 
    "fields": {
      "mobile": "+254738962187", 
      "text": "*10 howz the job", 
      "created_at": "2009-04-17 05:42:08", 
      "sent_by": 7, 
      "was_handled": true
    }
  }, 
  {
    "pk": 148, 
    "model": "mctc.messagelog", 
    "fields": {
      "mobile": "+254715456709", 
      "text": "*jatelo amosi", 
      "created_at": "2009-04-17 05:43:00", 
      "sent_by": 5, 
      "was_handled": true
    }
  }, 
  {
    "pk": 149, 
    "model": "mctc.messagelog", 
    "fields": {
      "mobile": "+254738962193", 
      "text": "*12 pliz come,there is a casualty", 
      "created_at": "2009-04-17 05:44:02", 
      "sent_by": 15, 
      "was_handled": true
    }
  }, 
  {
    "pk": 150, 
    "model": "mctc.messagelog", 
    "fields": {
      "mobile": "+254738962201", 
      "text": "*6 come tomorrow in the morning", 
      "created_at": "2009-04-17 05:45:57", 
      "sent_by": 14, 
      "was_handled": true
    }
  }, 
  {
    "pk": 151, 
    "model": "mctc.messagelog", 
    "fields": {
      "mobile": "+254738962197", 
      "text": "New ochieng john m 080322 peter", 
      "created_at": "2009-04-17 05:51:59", 
      "sent_by": 12, 
      "was_handled": true
    }
  }, 
  {
    "pk": 152, 
    "model": "mctc.messagelog", 
    "fields": {
      "mobile": "+254738962200", 
      "text": "New otieno james m 060324 jane", 
      "created_at": "2009-04-17 05:53:17", 
      "sent_by": 9, 
      "was_handled": true
    }
  }, 
  {
    "pk": 153, 
    "model": "mctc.messagelog", 
    "fields": {
      "mobile": "+254738962187", 
      "text": "New obida eury m 080612 jackylne", 
      "created_at": "2009-04-17 05:53:22", 
      "sent_by": 7, 
      "was_handled": true
    }
  }, 
  {
    "pk": 154, 
    "model": "mctc.messagelog", 
    "fields": {
      "mobile": "+254738962194", 
      "text": "New omondi john  m 070420 mary", 
      "created_at": "2009-04-17 05:53:28", 
      "sent_by": 13, 
      "was_handled": true
    }
  }, 
  {
    "pk": 155, 
    "model": "mctc.messagelog", 
    "fields": {
      "mobile": "+254738962193", 
      "text": "New akiny rose f\n090120 caren", 
      "created_at": "2009-04-17 05:53:38", 
      "sent_by": 15, 
      "was_handled": true
    }
  }, 
  {
    "pk": 156, 
    "model": "mctc.messagelog", 
    "fields": {
      "mobile": "+254738962195", 
      "text": "New  achieng judy f 040906 anne otieno", 
      "created_at": "2009-04-17 05:54:09", 
      "sent_by": 10, 
      "was_handled": true
    }
  }, 
  {
    "pk": 157, 
    "model": "mctc.messagelog", 
    "fields": {
      "mobile": "+254738962199", 
      "text": "New owino samwel m 031231esther", 
      "created_at": "2009-04-17 05:54:30", 
      "sent_by": 8, 
      "was_handled": false
    }
  }, 
  {
    "pk": 158, 
    "model": "mctc.messagelog", 
    "fields": {
      "mobile": "+254738962198", 
      "text": "New atieno mary f 080210 jane", 
      "created_at": "2009-04-17 05:55:01", 
      "sent_by": 11, 
      "was_handled": true
    }
  }, 
  {
    "pk": 159, 
    "model": "mctc.messagelog", 
    "fields": {
      "mobile": "+254738962201", 
      "text": "New amondi judy f 080215 mary", 
      "created_at": "2009-04-17 05:55:32", 
      "sent_by": 14, 
      "was_handled": true
    }
  }, 
  {
    "pk": 160, 
    "model": "mctc.messagelog", 
    "fields": {
      "mobile": "+254738962195", 
      "text": "OK", 
      "created_at": "2009-04-17 05:57:00", 
      "sent_by": 10, 
      "was_handled": false
    }
  }, 
  {
    "pk": 161, 
    "model": "mctc.messagelog", 
    "fields": {
      "mobile": "+254738962199", 
      "text": "New owino samwel m 081231esther", 
      "created_at": "2009-04-17 05:59:36", 
      "sent_by": 8, 
      "was_handled": false
    }
  }, 
  {
    "pk": 162, 
    "model": "mctc.messagelog", 
    "fields": {
      "mobile": "+254738962199", 
      "text": "New owino samwel m 081231 esther", 
      "created_at": "2009-04-17 06:03:45", 
      "sent_by": 8, 
      "was_handled": true
    }
  }, 
  {
    "pk": 163, 
    "model": "mctc.messagelog", 
    "fields": {
      "mobile": "+254738962200", 
      "text": "#26  1", 
      "created_at": "2009-04-17 06:05:33", 
      "sent_by": 9, 
      "was_handled": false
    }
  }, 
  {
    "pk": 164, 
    "model": "mctc.messagelog", 
    "fields": {
      "mobile": "+254738962197", 
      "text": "#18 125  f d", 
      "created_at": "2009-04-17 06:08:56", 
      "sent_by": 12, 
      "was_handled": true
    }
  }, 
  {
    "pk": 165, 
    "model": "mctc.messagelog", 
    "fields": {
      "mobile": "+254738962187", 
      "text": "#34 125 n fd", 
      "created_at": "2009-04-17 06:09:11", 
      "sent_by": 7, 
      "was_handled": true
    }
  }, 
  {
    "pk": 166, 
    "model": "mctc.messagelog", 
    "fields": {
      "mobile": "+254738962193", 
      "text": "#59 108 e vd", 
      "created_at": "2009-04-17 06:09:32", 
      "sent_by": 15, 
      "was_handled": true
    }
  }, 
  {
    "pk": 167, 
    "model": "mctc.messagelog", 
    "fields": {
      "mobile": "+254738962201", 
      "text": "#83 23  f d", 
      "created_at": "2009-04-17 06:09:42", 
      "sent_by": 14, 
      "was_handled": true
    }
  }, 
  {
    "pk": 168, 
    "model": "mctc.messagelog", 
    "fields": {
      "mobile": "+254738962195", 
      "text": "New otieno susan f mary", 
      "created_at": "2009-04-17 06:09:48", 
      "sent_by": 10, 
      "was_handled": false
    }
  }, 
  {
    "pk": 169, 
    "model": "mctc.messagelog", 
    "fields": {
      "mobile": "+254738962199", 
      "text": "#91 108 e a v f d", 
      "created_at": "2009-04-17 06:09:54", 
      "sent_by": 8, 
      "was_handled": true
    }
  }, 
  {
    "pk": 170, 
    "model": "mctc.messagelog", 
    "fields": {
      "mobile": "+254738962200", 
      "text": "#26 105 e d f", 
      "created_at": "2009-04-17 06:10:04", 
      "sent_by": 9, 
      "was_handled": true
    }
  }, 
  {
    "pk": 171, 
    "model": "mctc.messagelog", 
    "fields": {
      "mobile": "+254738962194", 
      "text": "#42 105 e f v d", 
      "created_at": "2009-04-17 06:10:25", 
      "sent_by": 13, 
      "was_handled": true
    }
  }, 
  {
    "pk": 172, 
    "model": "mctc.messagelog", 
    "fields": {
      "mobile": "+254738962198", 
      "text": "OK", 
      "created_at": "2009-04-17 06:11:48", 
      "sent_by": 11, 
      "was_handled": false
    }
  }, 
  {
    "pk": 173, 
    "model": "mctc.messagelog", 
    "fields": {
      "mobile": "+254738962195", 
      "text": "New otieno susan f 030608 mary", 
      "created_at": "2009-04-17 06:13:42", 
      "sent_by": 10, 
      "was_handled": true
    }
  }, 
  {
    "pk": 174, 
    "model": "mctc.messagelog", 
    "fields": {
      "mobile": "+254738962197", 
      "text": "OK", 
      "created_at": "2009-04-17 06:13:58", 
      "sent_by": 12, 
      "was_handled": false
    }
  }, 
  {
    "pk": 175, 
    "model": "mctc.messagelog", 
    "fields": {
      "mobile": "+254738962198", 
      "text": "OK", 
      "created_at": "2009-04-17 06:14:03", 
      "sent_by": 11, 
      "was_handled": false
    }
  }, 
  {
    "pk": 176, 
    "model": "mctc.messagelog", 
    "fields": {
      "mobile": "+254738962198", 
      "text": "#75 103 e d v f a", 
      "created_at": "2009-04-17 06:17:30", 
      "sent_by": 11, 
      "was_handled": true
    }
  }, 
  {
    "pk": 177, 
    "model": "mctc.messagelog", 
    "fields": {
      "mobile": "+254738962187", 
      "text": "New atieno josina f 080510 perez", 
      "created_at": "2009-04-17 06:19:29", 
      "sent_by": 7, 
      "was_handled": true
    }
  }, 
  {
    "pk": 178, 
    "model": "mctc.messagelog", 
    "fields": {
      "mobile": "+254738962199", 
      "text": "New adhiambo mary f 14 mary", 
      "created_at": "2009-04-17 06:20:21", 
      "sent_by": 8, 
      "was_handled": true
    }
  }, 
  {
    "pk": 179, 
    "model": "mctc.messagelog", 
    "fields": {
      "mobile": "+254738962197", 
      "text": "New anyango merceline f 143", 
      "created_at": "2009-04-17 06:20:47", 
      "sent_by": 12, 
      "was_handled": true
    }
  }, 
  {
    "pk": 180, 
    "model": "mctc.messagelog", 
    "fields": {
      "mobile": "+254738962200", 
      "text": "New ochieng 081107 janet", 
      "created_at": "2009-04-17 06:22:36", 
      "sent_by": 9, 
      "was_handled": false
    }
  }, 
  {
    "pk": 181, 
    "model": "mctc.messagelog", 
    "fields": {
      "mobile": "+254738962193", 
      "text": "New achieng josphine f 071215 beryl", 
      "created_at": "2009-04-17 06:22:46", 
      "sent_by": 15, 
      "was_handled": true
    }
  }, 
  {
    "pk": 182, 
    "model": "mctc.messagelog", 
    "fields": {
      "mobile": "+254738962198", 
      "text": "New adhiambo margret f 080411 joyce", 
      "created_at": "2009-04-17 06:23:23", 
      "sent_by": 11, 
      "was_handled": true
    }
  }, 
  {
    "pk": 183, 
    "model": "mctc.messagelog", 
    "fields": {
      "mobile": "+254738962187", 
      "text": "List", 
      "created_at": "2009-04-17 06:23:49", 
      "sent_by": 7, 
      "was_handled": true
    }
  }, 
  {
    "pk": 184, 
    "model": "mctc.messagelog", 
    "fields": {
      "mobile": "+254738962197", 
      "text": "New anyango mercelline f 080225\nAtieno", 
      "created_at": "2009-04-17 06:24:41", 
      "sent_by": 12, 
      "was_handled": true
    }
  }, 
  {
    "pk": 185, 
    "model": "mctc.messagelog", 
    "fields": {
      "mobile": "+254738962199", 
      "text": "New adhiambo everlyne f loyce", 
      "created_at": "2009-04-17 06:24:55", 
      "sent_by": 8, 
      "was_handled": false
    }
  }, 
  {
    "pk": 186, 
    "model": "mctc.messagelog", 
    "fields": {
      "mobile": "+254733484261", 
      "text": "#26 105 d v f", 
      "created_at": "2009-04-17 06:25:47", 
      "sent_by": null, 
      "was_handled": true
    }
  }, 
  {
    "pk": 187, 
    "model": "mctc.messagelog", 
    "fields": {
      "mobile": "+254738962198", 
      "text": "OK", 
      "created_at": "2009-04-17 06:26:23", 
      "sent_by": 11, 
      "was_handled": false
    }
  }, 
  {
    "pk": 188, 
    "model": "mctc.messagelog", 
    "fields": {
      "mobile": "+254738962187", 
      "text": "#116 14 n", 
      "created_at": "2009-04-17 06:26:34", 
      "sent_by": 7, 
      "was_handled": true
    }
  }, 
  {
    "pk": 189, 
    "model": "mctc.messagelog", 
    "fields": {
      "mobile": "+254738962197", 
      "text": "List", 
      "created_at": "2009-04-17 06:26:37", 
      "sent_by": 12, 
      "was_handled": true
    }
  }, 
  {
    "pk": 190, 
    "model": "mctc.messagelog", 
    "fields": {
      "mobile": "+254738962201", 
      "text": "New omondi m 080206 atieno", 
      "created_at": "2009-04-17 06:27:07", 
      "sent_by": 14, 
      "was_handled": false
    }
  }, 
  {
    "pk": 191, 
    "model": "mctc.messagelog", 
    "fields": {
      "mobile": "+254738962194", 
      "text": "New awino jane f 070410 rose", 
      "created_at": "2009-04-17 06:27:28", 
      "sent_by": 13, 
      "was_handled": true
    }
  }, 
  {
    "pk": 192, 
    "model": "mctc.messagelog", 
    "fields": {
      "mobile": "+254738962200", 
      "text": "New ochieng felix m 080923 jane", 
      "created_at": "2009-04-17 06:27:33", 
      "sent_by": 9, 
      "was_handled": true
    }
  }, 
  {
    "pk": 193, 
    "model": "mctc.messagelog", 
    "fields": {
      "mobile": "+254738962198", 
      "text": "OK", 
      "created_at": "2009-04-17 06:27:38", 
      "sent_by": 11, 
      "was_handled": false
    }
  }, 
  {
    "pk": 194, 
    "model": "mctc.messagelog", 
    "fields": {
      "mobile": "+254738962187", 
      "text": "List", 
      "created_at": "2009-04-17 06:27:54", 
      "sent_by": 7, 
      "was_handled": true
    }
  }, 
  {
    "pk": 195, 
    "model": "mctc.messagelog", 
    "fields": {
      "mobile": "+254738962197", 
      "text": "List", 
      "created_at": "2009-04-17 06:28:30", 
      "sent_by": 12, 
      "was_handled": true
    }
  }, 
  {
    "pk": 196, 
    "model": "mctc.messagelog", 
    "fields": {
      "mobile": "+254738962201", 
      "text": "List", 
      "created_at": "2009-04-17 06:28:51", 
      "sent_by": 14, 
      "was_handled": true
    }
  }, 
  {
    "pk": 197, 
    "model": "mctc.messagelog", 
    "fields": {
      "mobile": "+254738962194", 
      "text": "List", 
      "created_at": "2009-04-17 06:29:48", 
      "sent_by": 13, 
      "was_handled": true
    }
  }, 
  {
    "pk": 198, 
    "model": "mctc.messagelog", 
    "fields": {
      "mobile": "+254738962200", 
      "text": "List", 
      "created_at": "2009-04-17 06:30:24", 
      "sent_by": 9, 
      "was_handled": true
    }
  }, 
  {
    "pk": 199, 
    "model": "mctc.messagelog", 
    "fields": {
      "mobile": "+254738962201", 
      "text": "List", 
      "created_at": "2009-04-17 06:30:30", 
      "sent_by": 14, 
      "was_handled": true
    }
  }, 
  {
    "pk": 200, 
    "model": "mctc.messagelog", 
    "fields": {
      "mobile": "+254738935069", 
      "text": "List", 
      "created_at": "2009-04-17 06:30:35", 
      "sent_by": 6, 
      "was_handled": true
    }
  }, 
  {
    "pk": 201, 
    "model": "mctc.messagelog", 
    "fields": {
      "mobile": "+254738962187", 
      "text": "OK", 
      "created_at": "2009-04-17 06:30:35", 
      "sent_by": 7, 
      "was_handled": false
    }
  }, 
  {
    "pk": 202, 
    "model": "mctc.messagelog", 
    "fields": {
      "mobile": "+254738962187", 
      "text": "List", 
      "created_at": "2009-04-17 06:31:22", 
      "sent_by": 7, 
      "was_handled": true
    }
  }, 
  {
    "pk": 203, 
    "model": "mctc.messagelog", 
    "fields": {
      "mobile": "+254738962197", 
      "text": "New anyango mecelline f 081225 atieno 143", 
      "created_at": "2009-04-17 06:34:28", 
      "sent_by": 12, 
      "was_handled": true
    }
  }, 
  {
    "pk": 204, 
    "model": "mctc.messagelog", 
    "fields": {
      "mobile": "+254738962199", 
      "text": "New adhiambo everlyne f 070812 loyce", 
      "created_at": "2009-04-17 06:35:41", 
      "sent_by": 8, 
      "was_handled": true
    }
  }, 
  {
    "pk": 205, 
    "model": "mctc.messagelog", 
    "fields": {
      "mobile": "+254738962194", 
      "text": "#157 162", 
      "created_at": "2009-04-17 06:36:01", 
      "sent_by": 13, 
      "was_handled": false
    }
  }, 
  {
    "pk": 206, 
    "model": "mctc.messagelog", 
    "fields": {
      "mobile": "+254738962198", 
      "text": "New adhiambo margret f 080411 jane", 
      "created_at": "2009-04-17 06:36:07", 
      "sent_by": 11, 
      "was_handled": true
    }
  }, 
  {
    "pk": 207, 
    "model": "mctc.messagelog", 
    "fields": {
      "mobile": "+254738962193", 
      "text": "#124 159 n f", 
      "created_at": "2009-04-17 06:36:12", 
      "sent_by": 15, 
      "was_handled": true
    }
  }, 
  {
    "pk": 208, 
    "model": "mctc.messagelog", 
    "fields": {
      "mobile": "+254738962198", 
      "text": "OK", 
      "created_at": "2009-04-17 06:36:33", 
      "sent_by": 11, 
      "was_handled": false
    }
  }, 
  {
    "pk": 209, 
    "model": "mctc.messagelog", 
    "fields": {
      "mobile": "+254738962197", 
      "text": "New anyango mecelline f 081225 atieno", 
      "created_at": "2009-04-17 06:36:38", 
      "sent_by": 12, 
      "was_handled": true
    }
  }, 
  {
    "pk": 210, 
    "model": "mctc.messagelog", 
    "fields": {
      "mobile": "+254738962197", 
      "text": "List *", 
      "created_at": "2009-04-17 06:37:51", 
      "sent_by": 12, 
      "was_handled": true
    }
  }, 
  {
    "pk": 211, 
    "model": "mctc.messagelog", 
    "fields": {
      "mobile": "+254738962194", 
      "text": "OK", 
      "created_at": "2009-04-17 06:38:01", 
      "sent_by": 13, 
      "was_handled": false
    }
  }, 
  {
    "pk": 212, 
    "model": "mctc.messagelog", 
    "fields": {
      "mobile": "+254738962194", 
      "text": "OK", 
      "created_at": "2009-04-17 06:38:11", 
      "sent_by": 13, 
      "was_handled": false
    }
  }, 
  {
    "pk": 213, 
    "model": "mctc.messagelog", 
    "fields": {
      "mobile": "+254738962197", 
      "text": "List", 
      "created_at": "2009-04-17 06:38:37", 
      "sent_by": 12, 
      "was_handled": true
    }
  }, 
  {
    "pk": 214, 
    "model": "mctc.messagelog", 
    "fields": {
      "mobile": "+254738962200", 
      "text": "#165 152 d e f", 
      "created_at": "2009-04-17 06:38:43", 
      "sent_by": 9, 
      "was_handled": true
    }
  }, 
  {
    "pk": 215, 
    "model": "mctc.messagelog", 
    "fields": {
      "mobile": "+254738962195", 
      "text": "New awuor lydia f 080206 e sam", 
      "created_at": "2009-04-17 06:39:56", 
      "sent_by": 10, 
      "was_handled": true
    }
  }, 
  {
    "pk": 216, 
    "model": "mctc.messagelog", 
    "fields": {
      "mobile": "+254738962194", 
      "text": "#157 162 n", 
      "created_at": "2009-04-17 06:40:22", 
      "sent_by": 13, 
      "was_handled": true
    }
  }, 
  {
    "pk": 217, 
    "model": "mctc.messagelog", 
    "fields": {
      "mobile": "+254738962198", 
      "text": "#199 15 n", 
      "created_at": "2009-04-17 06:41:14", 
      "sent_by": 11, 
      "was_handled": true
    }
  }, 
  {
    "pk": 218, 
    "model": "mctc.messagelog", 
    "fields": {
      "mobile": "+254738962200", 
      "text": "OK", 
      "created_at": "2009-04-17 06:41:45", 
      "sent_by": 9, 
      "was_handled": false
    }
  }, 
  {
    "pk": 219, 
    "model": "mctc.messagelog", 
    "fields": {
      "mobile": "+254738962199", 
      "text": "#181 106  d f v a  e", 
      "created_at": "2009-04-17 06:41:50", 
      "sent_by": 8, 
      "was_handled": true
    }
  }, 
  {
    "pk": 220, 
    "model": "mctc.messagelog", 
    "fields": {
      "mobile": "+254738962200", 
      "text": "OK", 
      "created_at": "2009-04-17 06:41:55", 
      "sent_by": 9, 
      "was_handled": false
    }
  }, 
  {
    "pk": 221, 
    "model": "mctc.messagelog", 
    "fields": {
      "mobile": "+254738962200", 
      "text": "#165 152", 
      "created_at": "2009-04-17 06:43:13", 
      "sent_by": 9, 
      "was_handled": false
    }
  }, 
  {
    "pk": 222, 
    "model": "mctc.messagelog", 
    "fields": {
      "mobile": "+254738962201", 
      "text": "#83 145 n v f", 
      "created_at": "2009-04-17 06:43:19", 
      "sent_by": 14, 
      "was_handled": true
    }
  }, 
  {
    "pk": 223, 
    "model": "mctc.messagelog", 
    "fields": {
      "mobile": "+254738962195", 
      "text": "#214 134 e", 
      "created_at": "2009-04-17 06:43:50", 
      "sent_by": 10, 
      "was_handled": true
    }
  }, 
  {
    "pk": 224, 
    "model": "mctc.messagelog", 
    "fields": {
      "mobile": "+254738962187", 
      "text": "#116 14 n", 
      "created_at": "2009-04-17 06:44:31", 
      "sent_by": 7, 
      "was_handled": true
    }
  }, 
  {
    "pk": 225, 
    "model": "mctc.messagelog", 
    "fields": {
      "mobile": "+254738962198", 
      "text": "OK", 
      "created_at": "2009-04-17 06:53:56", 
      "sent_by": 11, 
      "was_handled": false
    }
  }, 
  {
    "pk": 226, 
    "model": "mctc.messagelog", 
    "fields": {
      "mobile": "+254738962198", 
      "text": "OK", 
      "created_at": "2009-04-17 06:54:27", 
      "sent_by": 11, 
      "was_handled": false
    }
  }, 
  {
    "pk": 227, 
    "model": "mctc.messagelog", 
    "fields": {
      "mobile": "+254738935069", 
      "text": "Hey we are done have a beer if you need one. So if it dies no worries", 
      "created_at": "2009-04-17 07:06:38", 
      "sent_by": 6, 
      "was_handled": false
    }
  }
]
